{
    "loss": 1.2737797498703003,
    "accuracy": 0.8749665327978581,
    "precision_0": 0.9341104916371009,
    "precision_1": 0.8087400681044268,
    "recall_0": 0.8454128440366973,
    "recall_1": 0.9163987138263665
}