{
    "loss": 1.2484157085418701,
    "accuracy": 0.8918340026773762,
    "precision_0": 0.9025385312783318,
    "precision_1": 0.8763897972531066,
    "recall_0": 0.9133027522935779,
    "recall_1": 0.8617363344051447
}