{
    "loss": 1.2462085485458374,
    "accuracy": 0.8856760374832664,
    "precision_0": 0.8985902683037744,
    "precision_1": 0.8671875,
    "recall_0": 0.9064220183486239,
    "recall_1": 0.8565916398713826
}