{"rmse": 0.9266217331683823, "mae": 0.7367225614848378}