{"rmse": 0.8655741322903315, "mae": 0.6787431061144902}