{
    "loss": 1.2835252285003662,
    "accuracy": 0.8653279785809906,
    "precision_0": 0.8912739150723286,
    "precision_1": 0.8304020100502513,
    "recall_0": 0.8761467889908257,
    "recall_1": 0.85016077170418
}