{
    "loss": 1.2873977422714233,
    "accuracy": 0.8589022757697456,
    "precision_0": 0.9002421307506053,
    "precision_1": 0.8077844311377246,
    "recall_0": 0.8527522935779817,
    "recall_1": 0.867524115755627
}