{
    "loss": 1.2631558179855347,
    "accuracy": 0.8781793842034806,
    "precision_0": 0.9097387173396675,
    "precision_1": 0.8374233128834356,
    "recall_0": 0.8784403669724771,
    "recall_1": 0.8778135048231511
}