{
    "loss": 1.3525539636611938,
    "accuracy": 0.8262382864792504,
    "precision_0": 0.9131138694009714,
    "precision_1": 0.740701381509033,
    "recall_0": 0.7761467889908257,
    "recall_1": 0.8964630225080386
}