{
    "loss": 1.2985100746154785,
    "accuracy": 0.8776439089692102,
    "precision_0": 0.9120038259206121,
    "precision_1": 0.833941605839416,
    "recall_0": 0.8747706422018349,
    "recall_1": 0.8816720257234727
}