{
    "loss": 1.280258297920227,
    "accuracy": 0.877376171352075,
    "precision_0": 0.8806366047745358,
    "precision_1": 0.8723693143245078,
    "recall_0": 0.9137614678899083,
    "recall_1": 0.8263665594855305
}