{
    "loss": 1.2663506269454956,
    "accuracy": 0.8776439089692102,
    "precision_0": 0.9212713936430318,
    "precision_1": 0.8248520710059172,
    "recall_0": 0.8642201834862385,
    "recall_1": 0.8964630225080386
}