{
    "loss": 0.3281332850456238,
    "accuracy": 0.8594377510040161,
    "precision_0": 0.8630978499341817,
    "precision_1": 0.8537087912087912,
    "recall_0": 0.9022935779816513,
    "recall_1": 0.7993569131832797
}