{
    "loss": 0.3070733845233917,
    "accuracy": 0.8840696117804552,
    "precision_0": 0.9012402388608176,
    "precision_1": 0.8600770218228498,
    "recall_0": 0.9,
    "recall_1": 0.8617363344051447
}