{
    "loss": 0.3816154897212982,
    "accuracy": 0.8559571619812584,
    "precision_0": 0.9357749469214437,
    "precision_1": 0.7747163695299838,
    "recall_0": 0.8087155963302752,
    "recall_1": 0.9221864951768489
}