{
    "loss": 0.3383137881755829,
    "accuracy": 0.8752342704149934,
    "precision_0": 0.9276447105788423,
    "precision_1": 0.8145580589254766,
    "recall_0": 0.8527522935779817,
    "recall_1": 0.9067524115755627
}