{
    "loss": 0.3547568619251251,
    "accuracy": 0.8465863453815261,
    "precision_0": 0.8579064587973274,
    "precision_1": 0.8295302013422818,
    "recall_0": 0.8834862385321101,
    "recall_1": 0.794855305466238
}