{
    "loss": 0.33510151505470276,
    "accuracy": 0.8674698795180723,
    "precision_0": 0.9087821445900048,
    "precision_1": 0.8166069295101553,
    "recall_0": 0.8591743119266055,
    "recall_1": 0.8790996784565916
}