{
    "loss": 0.3511940836906433,
    "accuracy": 0.8677376171352075,
    "precision_0": 0.9358841778697001,
    "precision_1": 0.7945585785674625,
    "recall_0": 0.8302752293577982,
    "recall_1": 0.9202572347266881
}