{
    "loss": 0.3258112072944641,
    "accuracy": 0.8733601070950469,
    "precision_0": 0.9062351261304141,
    "precision_1": 0.8310893512851897,
    "recall_0": 0.8733944954128441,
    "recall_1": 0.8733118971061093
}