{
    "loss": 0.30135586857795715,
    "accuracy": 0.8827309236947791,
    "precision_0": 0.8934056007226739,
    "precision_1": 0.8671926364234056,
    "recall_0": 0.9073394495412844,
    "recall_1": 0.8482315112540193
}