{
    "loss": 0.33221635222435,
    "accuracy": 0.8599732262382864,
    "precision_0": 0.8880562060889929,
    "precision_1": 0.8225,
    "recall_0": 0.8697247706422019,
    "recall_1": 0.8463022508038586
}